--Script que inserta en la tabla TIPO_DE_ANIMAL, RAZA y su tabla de relación, todas las razas existentes en el sistema
INSERT INTO TIPO_DE_ANIMAL (NOMBRE_TIPO)
VALUES ('Alpaca');
INSERT INTO RAZA(NOMBRE_RAZA)
VALUES ('Raza Única');
INSERT INTO ANIMAL_TIENE_RAZA(NOMBRE_TIPO,NOMBRE_RAZA)
VALUES ('Alpaca','Raza Única');


INSERT INTO TIPO_DE_ANIMAL (NOMBRE_TIPO)
VALUES ('Caballo');
INSERT INTO ANIMAL_TIENE_RAZA(NOMBRE_TIPO,NOMBRE_RAZA)
VALUES ('Caballo','Raza Única');

INSERT INTO TIPO_DE_ANIMAL (NOMBRE_TIPO)
VALUES ('Cabra');
INSERT INTO ANIMAL_TIENE_RAZA(NOMBRE_TIPO,NOMBRE_RAZA)
VALUES ('Cabra','Raza Única');

INSERT INTO TIPO_DE_ANIMAL (NOMBRE_TIPO)
VALUES ('Canario');
INSERT INTO ANIMAL_TIENE_RAZA(NOMBRE_TIPO,NOMBRE_RAZA)
VALUES ('Canario','Raza Única');

INSERT INTO TIPO_DE_ANIMAL (NOMBRE_TIPO)
VALUES ('Cerdo');
INSERT INTO ANIMAL_TIENE_RAZA(NOMBRE_TIPO,NOMBRE_RAZA)
VALUES ('Cerdo','Raza Única');

INSERT INTO TIPO_DE_ANIMAL (NOMBRE_TIPO)
VALUES ('Cisne');
INSERT INTO ANIMAL_TIENE_RAZA(NOMBRE_TIPO,NOMBRE_RAZA)
VALUES ('Cisne','Raza Única');

INSERT INTO TIPO_DE_ANIMAL (NOMBRE_TIPO)
VALUES ('Cobayo');
INSERT INTO ANIMAL_TIENE_RAZA(NOMBRE_TIPO,NOMBRE_RAZA)
VALUES ('Cobayo','Raza Única');

INSERT INTO TIPO_DE_ANIMAL (NOMBRE_TIPO)
VALUES ('Codorniz');
INSERT INTO ANIMAL_TIENE_RAZA(NOMBRE_TIPO,NOMBRE_RAZA)
VALUES ('Codorniz','Raza Única');

--ANIMAL_TIENE_RAZA de Conejo--

INSERT INTO TIPO_DE_ANIMAL (NOMBRE_TIPO)
VALUES ('Conejo');
INSERT INTO RAZA(NOMBRE_RAZA)
VALUES ('Alaskan Dwarf');
INSERT INTO ANIMAL_TIENE_RAZA(NOMBRE_TIPO,NOMBRE_RAZA)
VALUES ('Conejo','Alaskan Dwarf');

INSERT INTO RAZA(NOMBRE_RAZA)
VALUES ('American Fuzzy Lop');
INSERT INTO ANIMAL_TIENE_RAZA(NOMBRE_TIPO,NOMBRE_RAZA)
VALUES ('Conejo','American Fuzzy Lop');

INSERT INTO RAZA(NOMBRE_RAZA)
VALUES ('Angora Inglés');
INSERT INTO ANIMAL_TIENE_RAZA (NOMBRE_TIPO,NOMBRE_RAZA)
VALUES ('Conejo','Angora Inglés');

INSERT INTO RAZA(NOMBRE_RAZA)
VALUES ('Arlequín');
INSERT INTO ANIMAL_TIENE_RAZA (NOMBRE_TIPO,NOMBRE_RAZA)
VALUES ('Conejo','Arlequín');

INSERT INTO RAZA(NOMBRE_RAZA)
VALUES ('Daisy Angora');
INSERT INTO ANIMAL_TIENE_RAZA (NOMBRE_TIPO,NOMBRE_RAZA)
VALUES ('Conejo','Daisy Angora');

INSERT INTO RAZA(NOMBRE_RAZA)
VALUES ('Daisy Dwarf');
INSERT INTO ANIMAL_TIENE_RAZA (NOMBRE_TIPO,NOMBRE_RAZA)
VALUES ('Conejo','Daisy Dwarf');

INSERT INTO RAZA(NOMBRE_RAZA)
VALUES ('Daisy');
INSERT INTO ANIMAL_TIENE_RAZA (NOMBRE_TIPO,NOMBRE_RAZA)
VALUES ('Conejo','Daisy');

INSERT INTO RAZA(NOMBRE_RAZA)
VALUES ('Ditch');
INSERT INTO ANIMAL_TIENE_RAZA (NOMBRE_TIPO,NOMBRE_RAZA)
VALUES ('Conejo','Ditch');

INSERT INTO RAZA(NOMBRE_RAZA)
VALUES ('English Lop');
INSERT INTO ANIMAL_TIENE_RAZA (NOMBRE_TIPO,NOMBRE_RAZA)
VALUES ('Conejo','English Lop');

INSERT INTO RAZA(NOMBRE_RAZA)
VALUES ('Gigante de Flandes');
INSERT INTO ANIMAL_TIENE_RAZA (NOMBRE_TIPO,NOMBRE_RAZA)
VALUES ('Conejo','Gigante de Flandes');

INSERT INTO RAZA(NOMBRE_RAZA)
VALUES ('Hare Dwarf');
INSERT INTO ANIMAL_TIENE_RAZA (NOMBRE_TIPO,NOMBRE_RAZA)
VALUES ('Conejo','Hare Dwarf');

INSERT INTO RAZA(NOMBRE_RAZA)
VALUES ('Holland Dwarf');
INSERT INTO ANIMAL_TIENE_RAZA (NOMBRE_TIPO,NOMBRE_RAZA)
VALUES ('Conejo','Holland Dwarf');

INSERT INTO RAZA(NOMBRE_RAZA)
VALUES ('Holland Lop');
INSERT INTO ANIMAL_TIENE_RAZA (NOMBRE_TIPO,NOMBRE_RAZA)
VALUES ('Conejo','Holland Lop');

INSERT INTO RAZA(NOMBRE_RAZA)
VALUES ('Jersey Woolly');
INSERT INTO ANIMAL_TIENE_RAZA (NOMBRE_TIPO,NOMBRE_RAZA)
VALUES ('Conejo','Jersey Woolly');

INSERT INTO RAZA(NOMBRE_RAZA)
VALUES ('Lion Head');
INSERT INTO ANIMAL_TIENE_RAZA (NOMBRE_TIPO,NOMBRE_RAZA)
VALUES ('Conejo','Lion Head');

INSERT INTO RAZA(NOMBRE_RAZA)
VALUES ('Mini Arlequín');
INSERT INTO ANIMAL_TIENE_RAZA (NOMBRE_TIPO,NOMBRE_RAZA)
VALUES ('Conejo','Mini Arlequín');

INSERT INTO RAZA(NOMBRE_RAZA)
VALUES ('Mini Lop Monarch Dorado');
INSERT INTO ANIMAL_TIENE_RAZA (NOMBRE_TIPO,NOMBRE_RAZA)
VALUES ('Conejo','Mini Lop Monarch Dorado');

INSERT INTO RAZA(NOMBRE_RAZA)
VALUES ('Mini Lop Monarch Negro');
INSERT INTO ANIMAL_TIENE_RAZA (NOMBRE_TIPO,NOMBRE_RAZA)
VALUES ('Conejo','Mini Lop Monarch Negro');

INSERT INTO RAZA(NOMBRE_RAZA)
VALUES ('Mini Lop');
INSERT INTO ANIMAL_TIENE_RAZA (NOMBRE_TIPO,NOMBRE_RAZA)
VALUES ('Conejo','Mini Lop');

INSERT INTO RAZA(NOMBRE_RAZA)
VALUES ('Mini Rex');
INSERT INTO ANIMAL_TIENE_RAZA (NOMBRE_TIPO,NOMBRE_RAZA)
VALUES ('Conejo','Mini Rex');

INSERT INTO RAZA(NOMBRE_RAZA)
VALUES ('Neocelandés');
INSERT INTO ANIMAL_TIENE_RAZA (NOMBRE_TIPO,NOMBRE_RAZA)
VALUES ('Conejo','Neocelandés');

INSERT INTO RAZA(NOMBRE_RAZA)
VALUES ('Polish');
INSERT INTO ANIMAL_TIENE_RAZA (NOMBRE_TIPO,NOMBRE_RAZA)
VALUES ('Conejo','Polish');

INSERT INTO RAZA(NOMBRE_RAZA)
VALUES ('Rex');
INSERT INTO ANIMAL_TIENE_RAZA (NOMBRE_TIPO,NOMBRE_RAZA)
VALUES ('Conejo','Rex');

INSERT INTO TIPO_DE_ANIMAL (NOMBRE_TIPO)
VALUES ('Cuervo');
INSERT INTO ANIMAL_TIENE_RAZA(NOMBRE_TIPO,NOMBRE_RAZA)
VALUES ('Cuervo','Raza Única');

INSERT INTO TIPO_DE_ANIMAL (NOMBRE_TIPO)
VALUES ('Dragón');
INSERT INTO ANIMAL_TIENE_RAZA(NOMBRE_TIPO,NOMBRE_RAZA)
VALUES ('Dragón','Raza Única');

INSERT INTO TIPO_DE_ANIMAL (NOMBRE_TIPO)
VALUES ('Erizo');
INSERT INTO ANIMAL_TIENE_RAZA(NOMBRE_TIPO,NOMBRE_RAZA)
VALUES ('Erizo','Raza Única');

INSERT INTO TIPO_DE_ANIMAL (NOMBRE_TIPO)
VALUES ('Faisán');
INSERT INTO ANIMAL_TIENE_RAZA(NOMBRE_TIPO,NOMBRE_RAZA)
VALUES ('Faisán','Raza Única');

INSERT INTO TIPO_DE_ANIMAL (NOMBRE_TIPO)
VALUES ('Gallina');
INSERT INTO ANIMAL_TIENE_RAZA(NOMBRE_TIPO,NOMBRE_RAZA)
VALUES ('Gallina','Raza Única');

INSERT INTO TIPO_DE_ANIMAL (NOMBRE_TIPO)
VALUES ('Ganso');
INSERT INTO ANIMAL_TIENE_RAZA(NOMBRE_TIPO,NOMBRE_RAZA)
VALUES ('Ganso','Raza Única');

--Gatos
INSERT INTO TIPO_DE_ANIMAL (NOMBRE_TIPO)
VALUES ('Gato');
INSERT INTO ANIMAL_TIENE_RAZA(NOMBRE_TIPO,NOMBRE_RAZA)
VALUES ('Gato','Raza Única');

INSERT INTO RAZA(NOMBRE_RAZA)
VALUES ('Persa');
INSERT INTO ANIMAL_TIENE_RAZA(NOMBRE_TIPO,NOMBRE_RAZA)
VALUES ('Gato','Persa');

INSERT INTO RAZA(NOMBRE_RAZA)
VALUES ('Bobtail Americano');
INSERT INTO ANIMAL_TIENE_RAZA(NOMBRE_TIPO,NOMBRE_RAZA)
VALUES ('Gato','Bobtail Americano');

INSERT INTO RAZA(NOMBRE_RAZA)
VALUES ('Ruso Azul');
INSERT INTO ANIMAL_TIENE_RAZA(NOMBRE_TIPO,NOMBRE_RAZA)
VALUES ('Gato','Ruso Azul');

INSERT INTO RAZA(NOMBRE_RAZA)
VALUES ('Somalí');
INSERT INTO ANIMAL_TIENE_RAZA(NOMBRE_TIPO,NOMBRE_RAZA)
VALUES ('Gato','Somalí');

INSERT INTO RAZA(NOMBRE_RAZA)
VALUES ('Siberiano');
INSERT INTO ANIMAL_TIENE_RAZA(NOMBRE_TIPO,NOMBRE_RAZA)
VALUES ('Gato','Siberiano');

INSERT INTO RAZA(NOMBRE_RAZA)
VALUES ('Manés');
INSERT INTO ANIMAL_TIENE_RAZA(NOMBRE_TIPO,NOMBRE_RAZA)
VALUES ('Gato','Manés');

INSERT INTO RAZA(NOMBRE_RAZA)
VALUES ('Burmés');
INSERT INTO ANIMAL_TIENE_RAZA(NOMBRE_TIPO,NOMBRE_RAZA)
VALUES ('Gato','Burmés');

INSERT INTO RAZA(NOMBRE_RAZA)
VALUES ('Ragdoll');
INSERT INTO ANIMAL_TIENE_RAZA(NOMBRE_TIPO,NOMBRE_RAZA)
VALUES ('Gato','Ragdoll');

INSERT INTO RAZA(NOMBRE_RAZA)
VALUES ('Maine Coon');
INSERT INTO ANIMAL_TIENE_RAZA(NOMBRE_TIPO,NOMBRE_RAZA)
VALUES ('Gato','Maine Coon');

INSERT INTO RAZA(NOMBRE_RAZA)
VALUES ('Siamés');
INSERT INTO ANIMAL_TIENE_RAZA(NOMBRE_TIPO,NOMBRE_RAZA)
VALUES ('Gato','Siamés');

INSERT INTO TIPO_DE_ANIMAL (NOMBRE_TIPO)
VALUES ('Hurón');
INSERT INTO ANIMAL_TIENE_RAZA(NOMBRE_TIPO,NOMBRE_RAZA)
VALUES ('Hurón','Raza Única');

INSERT INTO TIPO_DE_ANIMAL (NOMBRE_TIPO)
VALUES ('Hámster');
INSERT INTO ANIMAL_TIENE_RAZA(NOMBRE_TIPO,NOMBRE_RAZA)
VALUES ('Hámster','Raza Única');

INSERT INTO RAZA(NOMBRE_RAZA)
VALUES ('Chino');
INSERT INTO ANIMAL_TIENE_RAZA(NOMBRE_TIPO,NOMBRE_RAZA)
VALUES ('Hámster','Chino');

INSERT INTO RAZA(NOMBRE_RAZA)
VALUES ('De Campbell');
INSERT INTO ANIMAL_TIENE_RAZA(NOMBRE_TIPO,NOMBRE_RAZA)
VALUES ('Hámster','De Campbell');

INSERT INTO RAZA(NOMBRE_RAZA)
VALUES ('Dorado');
INSERT INTO ANIMAL_TIENE_RAZA(NOMBRE_TIPO,NOMBRE_RAZA)
VALUES ('Hámster','Dorado');

INSERT INTO RAZA(NOMBRE_RAZA)
VALUES ('Ruso');
INSERT INTO ANIMAL_TIENE_RAZA(NOMBRE_TIPO,NOMBRE_RAZA)
VALUES ('Hámster','Ruso');

INSERT INTO TIPO_DE_ANIMAL (NOMBRE_TIPO)
VALUES ('León');
INSERT INTO ANIMAL_TIENE_RAZA(NOMBRE_TIPO,NOMBRE_RAZA)
VALUES ('León','Raza Única');

INSERT INTO TIPO_DE_ANIMAL (NOMBRE_TIPO)
VALUES ('Liebre');
INSERT INTO ANIMAL_TIENE_RAZA(NOMBRE_TIPO,NOMBRE_RAZA)
VALUES ('Liebre','Raza Única');

INSERT INTO TIPO_DE_ANIMAL (NOMBRE_TIPO)
VALUES ('Llama');
INSERT INTO ANIMAL_TIENE_RAZA(NOMBRE_TIPO,NOMBRE_RAZA)
VALUES ('Llama','Raza Única');

INSERT INTO TIPO_DE_ANIMAL (NOMBRE_TIPO)
VALUES ('Loro');
INSERT INTO ANIMAL_TIENE_RAZA(NOMBRE_TIPO,NOMBRE_RAZA)
VALUES ('Loro','Raza Única');

INSERT INTO RAZA(NOMBRE_RAZA)
VALUES ('Cacatúa');
INSERT INTO ANIMAL_TIENE_RAZA(NOMBRE_TIPO,NOMBRE_RAZA)
VALUES ('Loro','Cacatúa');

INSERT INTO RAZA(NOMBRE_RAZA)
VALUES ('Guacamaya');
INSERT INTO ANIMAL_TIENE_RAZA(NOMBRE_TIPO,NOMBRE_RAZA)
VALUES ('Loro','Guacamaya');

INSERT INTO RAZA(NOMBRE_RAZA)
VALUES ('Perico');
INSERT INTO ANIMAL_TIENE_RAZA(NOMBRE_TIPO,NOMBRE_RAZA)
VALUES ('Loro','Perico');

INSERT INTO TIPO_DE_ANIMAL (NOMBRE_TIPO)
VALUES ('Ninfa');
INSERT INTO ANIMAL_TIENE_RAZA(NOMBRE_TIPO,NOMBRE_RAZA)
VALUES ('Ninfa','Raza Única');

INSERT INTO TIPO_DE_ANIMAL (NOMBRE_TIPO)
VALUES ('Oso');
INSERT INTO ANIMAL_TIENE_RAZA(NOMBRE_TIPO,NOMBRE_RAZA)
VALUES ('Oso','Raza Única');

INSERT INTO RAZA(NOMBRE_RAZA)
VALUES ('Pardo');
INSERT INTO ANIMAL_TIENE_RAZA(NOMBRE_TIPO,NOMBRE_RAZA)
VALUES ('Oso','Pardo');

INSERT INTO RAZA(NOMBRE_RAZA)
VALUES ('Panda');
INSERT INTO ANIMAL_TIENE_RAZA(NOMBRE_TIPO,NOMBRE_RAZA)
VALUES ('Oso','Panda');

INSERT INTO RAZA(NOMBRE_RAZA)
VALUES ('Polar');
INSERT INTO ANIMAL_TIENE_RAZA(NOMBRE_TIPO,NOMBRE_RAZA)
VALUES ('Oso','Polar');

INSERT INTO RAZA(NOMBRE_RAZA)
VALUES ('Negro');
INSERT INTO ANIMAL_TIENE_RAZA(NOMBRE_TIPO,NOMBRE_RAZA)
VALUES ('Oso','Negro');

INSERT INTO TIPO_DE_ANIMAL (NOMBRE_TIPO)
VALUES ('Oveja');
INSERT INTO ANIMAL_TIENE_RAZA(NOMBRE_TIPO,NOMBRE_RAZA)
VALUES ('Oveja','Raza Única');

INSERT INTO TIPO_DE_ANIMAL (NOMBRE_TIPO)
VALUES ('Paloma');
INSERT INTO ANIMAL_TIENE_RAZA(NOMBRE_TIPO,NOMBRE_RAZA)
VALUES ('Paloma','Raza Única');

INSERT INTO TIPO_DE_ANIMAL (NOMBRE_TIPO)
VALUES ('Pato');
INSERT INTO ANIMAL_TIENE_RAZA(NOMBRE_TIPO,NOMBRE_RAZA)
VALUES ('Pato','Raza Única');

INSERT INTO TIPO_DE_ANIMAL (NOMBRE_TIPO)
VALUES ('Pavo');
INSERT INTO ANIMAL_TIENE_RAZA(NOMBRE_TIPO,NOMBRE_RAZA)
VALUES ('Pavo','Raza Única');

INSERT INTO TIPO_DE_ANIMAL (NOMBRE_TIPO)
VALUES ('Perro');
INSERT INTO ANIMAL_TIENE_RAZA(NOMBRE_TIPO,NOMBRE_RAZA)
VALUES ('Perro','Raza Única');

INSERT INTO RAZA(NOMBRE_RAZA)
VALUES ('Husky Siberiano');
INSERT INTO ANIMAL_TIENE_RAZA(NOMBRE_TIPO,NOMBRE_RAZA)
VALUES ('Perro','Husky Siberiano');

INSERT INTO RAZA(NOMBRE_RAZA)
VALUES ('Golden Retriever');
INSERT INTO ANIMAL_TIENE_RAZA(NOMBRE_TIPO,NOMBRE_RAZA)
VALUES ('Perro','Golden Retriever');

INSERT INTO RAZA(NOMBRE_RAZA)
VALUES ('Labrador Retriever');
INSERT INTO ANIMAL_TIENE_RAZA(NOMBRE_TIPO,NOMBRE_RAZA)
VALUES ('Perro','Labrador Retriever');

INSERT INTO RAZA(NOMBRE_RAZA)
VALUES ('Pastor Alemán');
INSERT INTO ANIMAL_TIENE_RAZA(NOMBRE_TIPO,NOMBRE_RAZA)
VALUES ('Perro','Pastor Alemán');

INSERT INTO RAZA(NOMBRE_RAZA)
VALUES ('Beagle');
INSERT INTO ANIMAL_TIENE_RAZA(NOMBRE_TIPO,NOMBRE_RAZA)
VALUES ('Perro','Beagle');

INSERT INTO RAZA(NOMBRE_RAZA)
VALUES ('Alaskan Malamute');
INSERT INTO ANIMAL_TIENE_RAZA(NOMBRE_TIPO,NOMBRE_RAZA)
VALUES ('Perro','Alaskan Malamute');

INSERT INTO RAZA(NOMBRE_RAZA)
VALUES ('San Bernardo');
INSERT INTO ANIMAL_TIENE_RAZA(NOMBRE_TIPO,NOMBRE_RAZA)
VALUES ('Perro','San Bernardo');

INSERT INTO RAZA(NOMBRE_RAZA)
VALUES ('Boxer');
INSERT INTO ANIMAL_TIENE_RAZA(NOMBRE_TIPO,NOMBRE_RAZA)
VALUES ('Perro','Boxer');

INSERT INTO RAZA(NOMBRE_RAZA)
VALUES ('Rottweiler');
INSERT INTO ANIMAL_TIENE_RAZA(NOMBRE_TIPO,NOMBRE_RAZA)
VALUES ('Perro','Rottweiler');

INSERT INTO RAZA(NOMBRE_RAZA)
VALUES ('Samoyedo');
INSERT INTO ANIMAL_TIENE_RAZA(NOMBRE_TIPO,NOMBRE_RAZA)
VALUES ('Perro','Samoyedo');

INSERT INTO RAZA(NOMBRE_RAZA)
VALUES ('Pitbull');
INSERT INTO ANIMAL_TIENE_RAZA(NOMBRE_TIPO,NOMBRE_RAZA)
VALUES ('Perro','Pitbull');

INSERT INTO RAZA(NOMBRE_RAZA)
VALUES ('Dálmata');
INSERT INTO ANIMAL_TIENE_RAZA(NOMBRE_TIPO,NOMBRE_RAZA)
VALUES ('Perro','Dálmata');

INSERT INTO RAZA(NOMBRE_RAZA)
VALUES ('Chow Chow');
INSERT INTO ANIMAL_TIENE_RAZA(NOMBRE_TIPO,NOMBRE_RAZA)
VALUES ('Perro','Chow Chow');

INSERT INTO RAZA(NOMBRE_RAZA)
VALUES ('Akita Inu');
INSERT INTO ANIMAL_TIENE_RAZA(NOMBRE_TIPO,NOMBRE_RAZA)
VALUES ('Perro','Akita Inu');

INSERT INTO RAZA(NOMBRE_RAZA)
VALUES ('Yorkshire Terrier');
INSERT INTO ANIMAL_TIENE_RAZA(NOMBRE_TIPO,NOMBRE_RAZA)
VALUES ('Perro','Yorkshire Terrier');

INSERT INTO RAZA(NOMBRE_RAZA)
VALUES ('Bull Dog Inglés');
INSERT INTO ANIMAL_TIENE_RAZA(NOMBRE_TIPO,NOMBRE_RAZA)
VALUES ('Perro','Bull Dog Inglés');

INSERT INTO RAZA(NOMBRE_RAZA)
VALUES ('Doberman');
INSERT INTO ANIMAL_TIENE_RAZA(NOMBRE_TIPO,NOMBRE_RAZA)
VALUES ('Perro','Doberman');

INSERT INTO RAZA(NOMBRE_RAZA)
VALUES ('Cocker Inglés');
INSERT INTO ANIMAL_TIENE_RAZA(NOMBRE_TIPO,NOMBRE_RAZA)
VALUES ('Perro','Cocker Inglés');

INSERT INTO RAZA(NOMBRE_RAZA)
VALUES ('Gran Danés');
INSERT INTO ANIMAL_TIENE_RAZA(NOMBRE_TIPO,NOMBRE_RAZA)
VALUES ('Perro','Gran Danés');

INSERT INTO RAZA(NOMBRE_RAZA)
VALUES ('Shar Pei');
INSERT INTO ANIMAL_TIENE_RAZA(NOMBRE_TIPO,NOMBRE_RAZA)
VALUES ('Perro','Shar Pei');

INSERT INTO RAZA(NOMBRE_RAZA)
VALUES ('Carlino');
INSERT INTO ANIMAL_TIENE_RAZA(NOMBRE_TIPO,NOMBRE_RAZA)
VALUES ('Perro','Carlino');

INSERT INTO RAZA(NOMBRE_RAZA)
VALUES ('Schnauzer');
INSERT INTO ANIMAL_TIENE_RAZA(NOMBRE_TIPO,NOMBRE_RAZA)
VALUES ('Perro','Schnauzer');

INSERT INTO RAZA(NOMBRE_RAZA)
VALUES ('Border Collie');
INSERT INTO ANIMAL_TIENE_RAZA(NOMBRE_TIPO,NOMBRE_RAZA)
VALUES ('Perro','Border Collie');

INSERT INTO RAZA(NOMBRE_RAZA)
VALUES ('Chihuahua');
INSERT INTO ANIMAL_TIENE_RAZA(NOMBRE_TIPO,NOMBRE_RAZA)
VALUES ('Perro','Chihuahua');

INSERT INTO RAZA(NOMBRE_RAZA)
VALUES ('Bull Terrier');
INSERT INTO ANIMAL_TIENE_RAZA(NOMBRE_TIPO,NOMBRE_RAZA)
VALUES ('Perro','Bull Terrier');

INSERT INTO RAZA(NOMBRE_RAZA)
VALUES ('Basset Hound');
INSERT INTO ANIMAL_TIENE_RAZA(NOMBRE_TIPO,NOMBRE_RAZA)
VALUES ('Perro','Basset Hound');

INSERT INTO RAZA(NOMBRE_RAZA)
VALUES ('Terranova');
INSERT INTO ANIMAL_TIENE_RAZA(NOMBRE_TIPO,NOMBRE_RAZA)
VALUES ('Perro','Terranova');

INSERT INTO RAZA(NOMBRE_RAZA)
VALUES ('Pastor Belga');
INSERT INTO ANIMAL_TIENE_RAZA(NOMBRE_TIPO,NOMBRE_RAZA)
VALUES ('Perro','Pastor Belga');

INSERT INTO RAZA(NOMBRE_RAZA)
VALUES ('Bull Dog Francés');
INSERT INTO ANIMAL_TIENE_RAZA(NOMBRE_TIPO,NOMBRE_RAZA)
VALUES ('Perro','Bull Dog Francés');

INSERT INTO RAZA(NOMBRE_RAZA)
VALUES ('Westie');
INSERT INTO ANIMAL_TIENE_RAZA(NOMBRE_TIPO,NOMBRE_RAZA)
VALUES ('Perro','Westie');

INSERT INTO RAZA(NOMBRE_RAZA)
VALUES ('Cocker Americano');
INSERT INTO ANIMAL_TIENE_RAZA(NOMBRE_TIPO,NOMBRE_RAZA)
VALUES ('Perro','Cocker Americano');

INSERT INTO RAZA(NOMBRE_RAZA)
VALUES ('Mastín Napolitano');
INSERT INTO ANIMAL_TIENE_RAZA(NOMBRE_TIPO,NOMBRE_RAZA)
VALUES ('Perro','Mastín Napolitano');

INSERT INTO RAZA(NOMBRE_RAZA)
VALUES ('Fox Terrier');
INSERT INTO ANIMAL_TIENE_RAZA(NOMBRE_TIPO,NOMBRE_RAZA)
VALUES ('Perro','Fox Terrier');

INSERT INTO RAZA(NOMBRE_RAZA)
VALUES ('Welsh Corgi');
INSERT INTO ANIMAL_TIENE_RAZA(NOMBRE_TIPO,NOMBRE_RAZA)
VALUES ('Perro','Welsh Corgi');

INSERT INTO RAZA(NOMBRE_RAZA)
VALUES ('Pinscher');
INSERT INTO ANIMAL_TIENE_RAZA(NOMBRE_TIPO,NOMBRE_RAZA)
VALUES ('Perro','Pinscher');

INSERT INTO RAZA(NOMBRE_RAZA)
VALUES ('Setter Irlandés');
INSERT INTO ANIMAL_TIENE_RAZA(NOMBRE_TIPO,NOMBRE_RAZA)
VALUES ('Perro','Setter Irlandés');

INSERT INTO RAZA(NOMBRE_RAZA)
VALUES ('Pekinés');
INSERT INTO ANIMAL_TIENE_RAZA(NOMBRE_TIPO,NOMBRE_RAZA)
VALUES ('Perro','Pekinés');

INSERT INTO RAZA(NOMBRE_RAZA)
VALUES ('Galgo');
INSERT INTO ANIMAL_TIENE_RAZA(NOMBRE_TIPO,NOMBRE_RAZA)
VALUES ('Perro','Galgo');

INSERT INTO RAZA(NOMBRE_RAZA)
VALUES ('Bloodhound');
INSERT INTO ANIMAL_TIENE_RAZA(NOMBRE_TIPO,NOMBRE_RAZA)
VALUES ('Perro','Bloodhound');

INSERT INTO TIPO_DE_ANIMAL (NOMBRE_TIPO)
VALUES ('Tortuga');
INSERT INTO ANIMAL_TIENE_RAZA(NOMBRE_TIPO,NOMBRE_RAZA)
VALUES ('Tortuga','Raza Única');

INSERT INTO TIPO_DE_ANIMAL (NOMBRE_TIPO)
VALUES ('Tórtola');
INSERT INTO ANIMAL_TIENE_RAZA(NOMBRE_TIPO,NOMBRE_RAZA)
VALUES ('Tórtola','Raza Única');

INSERT INTO TIPO_DE_ANIMAL (NOMBRE_TIPO)
VALUES ('Urraca');
INSERT INTO ANIMAL_TIENE_RAZA(NOMBRE_TIPO,NOMBRE_RAZA)
VALUES ('Urraca','Raza Única');

INSERT INTO TIPO_DE_ANIMAL (NOMBRE_TIPO)
VALUES ('Vicuña');
INSERT INTO ANIMAL_TIENE_RAZA(NOMBRE_TIPO,NOMBRE_RAZA)
VALUES ('Vicuña','Raza Única');