--Inserciones de Preguntas e Items correspondientes al test de recomendación de mascotas
INSERT INTO "PETSAVIORS"."FORMULARIO" (ID_FORMULARIO, TIPO_FORMULARIO) VALUES ('1', 'Formulario Test de Recomendaciones');

-- Pregunta
INSERT INTO "PETSAVIORS"."PREGUNTAS" (ID_PREGUNTAS, CONTENIDO_PREGUNTA) VALUES ('1', '¿De qué tamaño desea buscar la mascota?');
-- Respuestas
INSERT INTO "PETSAVIORS"."RESPUESTAS" (RESPUESTA, ID_FORMULARIO, ID_PREGUNTAS) VALUES ('Pequeño', '1', '1');
INSERT INTO "PETSAVIORS"."RESPUESTAS" (RESPUESTA, ID_FORMULARIO, ID_PREGUNTAS) VALUES ('Mediano', '1', '1');
INSERT INTO "PETSAVIORS"."RESPUESTAS" (RESPUESTA, ID_FORMULARIO, ID_PREGUNTAS) VALUES ('Grande', '1', '1');

-- Pregunta
INSERT INTO "PETSAVIORS"."PREGUNTAS" (ID_PREGUNTAS, CONTENIDO_PREGUNTA) VALUES ('2', '¿Cuánta energía desea que posea la mascota?');
-- Respuestas
INSERT INTO "PETSAVIORS"."RESPUESTAS" (RESPUESTA, ID_FORMULARIO, ID_PREGUNTAS) VALUES ('Perezoso', '1', '2');
INSERT INTO "PETSAVIORS"."RESPUESTAS" (RESPUESTA, ID_FORMULARIO, ID_PREGUNTAS) VALUES ('Moderado', '1', '2');
INSERT INTO "PETSAVIORS"."RESPUESTAS" (RESPUESTA, ID_FORMULARIO, ID_PREGUNTAS) VALUES ('Activo', '1', '2');

-- Pregunta
INSERT INTO "PETSAVIORS"."PREGUNTAS" (ID_PREGUNTAS, CONTENIDO_PREGUNTA) VALUES ('3', '¿Tipo de pelaje de la mascota?');
-- Respuestas
INSERT INTO "PETSAVIORS"."RESPUESTAS" (RESPUESTA, ID_FORMULARIO, ID_PREGUNTAS) VALUES ('Corto', '1', '3');
INSERT INTO "PETSAVIORS"."RESPUESTAS" (RESPUESTA, ID_FORMULARIO, ID_PREGUNTAS) VALUES ('Medio', '1', '3');
INSERT INTO "PETSAVIORS"."RESPUESTAS" (RESPUESTA, ID_FORMULARIO, ID_PREGUNTAS) VALUES ('Largo', '1', '3');

-- Pregunta
INSERT INTO "PETSAVIORS"."PREGUNTAS" (ID_PREGUNTAS, CONTENIDO_PREGUNTA) VALUES ('4', '¿De qué color desea buscar la mascota?');
-- Respuestas
INSERT INTO "PETSAVIORS"."RESPUESTAS" (RESPUESTA, ID_FORMULARIO, ID_PREGUNTAS) VALUES ('Negro', '1', '4');
INSERT INTO "PETSAVIORS"."RESPUESTAS" (RESPUESTA, ID_FORMULARIO, ID_PREGUNTAS) VALUES ('Blanco', '1', '4');
INSERT INTO "PETSAVIORS"."RESPUESTAS" (RESPUESTA, ID_FORMULARIO, ID_PREGUNTAS) VALUES ('Café', '1', '4');
INSERT INTO "PETSAVIORS"."RESPUESTAS" (RESPUESTA, ID_FORMULARIO, ID_PREGUNTAS) VALUES ('Gris', '1', '4');
INSERT INTO "PETSAVIORS"."RESPUESTAS" (RESPUESTA, ID_FORMULARIO, ID_PREGUNTAS) VALUES ('Dorado', '1', '4');
INSERT INTO "PETSAVIORS"."RESPUESTAS" (RESPUESTA, ID_FORMULARIO, ID_PREGUNTAS) VALUES ('Otro', '1', '4');

-- Pregunta
INSERT INTO "PETSAVIORS"."PREGUNTAS" (ID_PREGUNTAS, CONTENIDO_PREGUNTA) VALUES ('5', '¿Desea que la mascota posea algún tipo de entrenamiento?');
-- Respuestas
INSERT INTO "PETSAVIORS"."RESPUESTAS" (RESPUESTA, ID_FORMULARIO, ID_PREGUNTAS) VALUES ('Sí', '1', '5');
INSERT INTO "PETSAVIORS"."RESPUESTAS" (RESPUESTA, ID_FORMULARIO, ID_PREGUNTAS) VALUES ('No', '1', '5');
INSERT INTO "PETSAVIORS"."RESPUESTAS" (RESPUESTA, ID_FORMULARIO, ID_PREGUNTAS) VALUES ('No lo sé', '1', '5');

-- Pregunta
INSERT INTO "PETSAVIORS"."PREGUNTAS" (ID_PREGUNTAS, CONTENIDO_PREGUNTA) VALUES ('6', '¿Cuál será el espacio requerido de la mascota?');
-- Respuestas
INSERT INTO "PETSAVIORS"."RESPUESTAS" (RESPUESTA, ID_FORMULARIO, ID_PREGUNTAS) VALUES ('Patio Amplio', '1', '6');
INSERT INTO "PETSAVIORS"."RESPUESTAS" (RESPUESTA, ID_FORMULARIO, ID_PREGUNTAS) VALUES ('Patio Reducido', '1', '6');
INSERT INTO "PETSAVIORS"."RESPUESTAS" (RESPUESTA, ID_FORMULARIO, ID_PREGUNTAS) VALUES ('Vive en casa', '1', '6');

-- Pregunta
INSERT INTO "PETSAVIORS"."PREGUNTAS" (ID_PREGUNTAS, CONTENIDO_PREGUNTA) VALUES ('7', '¿Desea saber la severidad con la que se encontró la mascota?');
-- Respuestas
INSERT INTO "PETSAVIORS"."RESPUESTAS" (RESPUESTA, ID_FORMULARIO, ID_PREGUNTAS) VALUES ('Crítico', '1', '7');
INSERT INTO "PETSAVIORS"."RESPUESTAS" (RESPUESTA, ID_FORMULARIO, ID_PREGUNTAS) VALUES ('Mal Estado', '1', '7');
INSERT INTO "PETSAVIORS"."RESPUESTAS" (RESPUESTA, ID_FORMULARIO, ID_PREGUNTAS) VALUES ('Buen Estado', '1', '7');

-- Relación
INSERT INTO "PETSAVIORS"."FORM_TIENE_PREGUNTAS" (ID_FORMUARIO, ID_PREGUNTAS) VALUES ('1', '1');
INSERT INTO "PETSAVIORS"."FORM_TIENE_PREGUNTAS" (ID_FORMUARIO, ID_PREGUNTAS) VALUES ('1', '2');
INSERT INTO "PETSAVIORS"."FORM_TIENE_PREGUNTAS" (ID_FORMUARIO, ID_PREGUNTAS) VALUES ('1', '3');
INSERT INTO "PETSAVIORS"."FORM_TIENE_PREGUNTAS" (ID_FORMUARIO, ID_PREGUNTAS) VALUES ('1', '4');
INSERT INTO "PETSAVIORS"."FORM_TIENE_PREGUNTAS" (ID_FORMUARIO, ID_PREGUNTAS) VALUES ('1', '5');
INSERT INTO "PETSAVIORS"."FORM_TIENE_PREGUNTAS" (ID_FORMUARIO, ID_PREGUNTAS) VALUES ('1', '6');
INSERT INTO "PETSAVIORS"."FORM_TIENE_PREGUNTAS" (ID_FORMUARIO, ID_PREGUNTAS) VALUES ('1', '7');
